{
	"info": {
		"_postman_id": "02b8eadc-f477-4e46-b815-968ba808dd11",
		"name": "TODO-crud",
		"schema": "https://schema.getpostman.com/json/collection/v2.1.0/collection.json",
		"_exporter_id": "37522964",
		"_collection_link": "https://qqq999-0646.postman.co/workspace/qqq-Workspace~ed232149-c4f3-4a10-8243-4c1dd07236f9/collection/37522964-02b8eadc-f477-4e46-b815-968ba808dd11?action=share&source=collection_link&creator=37522964"
	},
	"item": [
		{
			"name": "check",
			"item": [
				{
					"name": "PingPong",
					"request": {
						"method": "GET",
						"header": [],
						"url": {
							"raw": "http://localhost:8080/ping",
							"protocol": "http",
							"host": [
								"localhost"
							],
							"port": "8080",
							"path": [
								"ping"
							]
						}
					},
					"response": []
				}
			]
		},
		{
			"name": "Users",
			"item": [
				{
					"name": "Show all users",
					"request": {
						"method": "GET",
						"header": [],
						"url": {
							"raw": "http://localhost:8080/users",
							"protocol": "http",
							"host": [
								"localhost"
							],
							"port": "8080",
							"path": [
								"users"
							]
						}
					},
					"response": []
				},
				{
					"name": "User by ID",
					"request": {
						"method": "GET",
						"header": [],
						"url": {
							"raw": "http://localhost:8080/users/1",
							"protocol": "http",
							"host": [
								"localhost"
							],
							"port": "8080",
							"path": [
								"users",
								"1"
							]
						}
					},
					"response": []
				},
				{
					"name": "Add new user",
					"request": {
						"method": "POST",
						"header": [],
						"body": {
							"mode": "raw",
							"raw": "{\r\n        \"username\": \"Vasya\",\r\n        \"password\": \"nagibator666\",\r\n        \"full_name\": \"Vasili Kozlov\",\r\n        \"email\": \"nagibator@mail.com\"\r\n    }",
							"options": {
								"raw": {
									"language": "json"
								}
							}
						},
						"url": {
							"raw": "http://localhost:8080/users",
							"protocol": "http",
							"host": [
								"localhost"
							],
							"port": "8080",
							"path": [
								"users"
							]
						}
					},
					"response": []
				},
				{
					"name": "Update user",
					"request": {
						"method": "PUT",
						"header": [],
						"body": {
							"mode": "raw",
							"raw": "{\r\n        \"username\": \"Qrbon\",\r\n        \"password\": \"osihfwelhbfweifhwoeirhwoeirhwoeirhw\",\r\n        \"full_name\": \"Qrboni Chol\",\r\n        \"email\": \"bon@mail.com\"\r\n    }",
							"options": {
								"raw": {
									"language": "json"
								}
							}
						},
						"url": {
							"raw": "http://localhost:8080/users/1",
							"protocol": "http",
							"host": [
								"localhost"
							],
							"port": "8080",
							"path": [
								"users",
								"1"
							]
						}
					},
					"response": []
				},
				{
					"name": "Deactive User",
					"request": {
						"method": "PATCH",
						"header": [],
						"body": {
							"mode": "raw",
							"raw": "",
							"options": {
								"raw": {
									"language": "json"
								}
							}
						},
						"url": {
							"raw": "http://localhost:8080/users/4",
							"protocol": "http",
							"host": [
								"localhost"
							],
							"port": "8080",
							"path": [
								"users",
								"4"
							]
						}
					},
					"response": []
				},
				{
					"name": "Activate User",
					"request": {
						"method": "PATCH",
						"header": [],
						"body": {
							"mode": "raw",
							"raw": "",
							"options": {
								"raw": {
									"language": "json"
								}
							}
						},
						"url": {
							"raw": "http://localhost:8080/users/4",
							"protocol": "http",
							"host": [
								"localhost"
							],
							"port": "8080",
							"path": [
								"users",
								"4"
							]
						}
					},
					"response": []
				}
			]
		},
		{
			"name": "Tasks",
			"item": [
				{
					"name": "All tasks",
					"request": {
						"method": "GET",
						"header": [
							{
								"key": "Authorization",
								"value": "Bearer eyJhbGciOiJIUzI1NiIsInR5cCI6IkpXVCJ9.eyJ1c2VyX2lkIjo1LCJ1c2VybmFtZSI6IlZhc3lhMDA3IiwiZXhwIjoxNzI0NDE3MDE2LCJpc3MiOiJGcm9tX3Bvc3RtYW4ifQ.WL_bQp91MGHhiNpkmXJYxSvRTPrqBpAn0oqTcaT5N_g",
								"type": "text"
							}
						],
						"url": {
							"raw": "http://localhost:8080/tasks",
							"protocol": "http",
							"host": [
								"localhost"
							],
							"port": "8080",
							"path": [
								"tasks"
							]
						}
					},
					"response": []
				},
				{
					"name": "Done tasks",
					"request": {
						"method": "GET",
						"header": [],
						"url": {
							"raw": "http://localhost:8080/tasks/done",
							"protocol": "http",
							"host": [
								"localhost"
							],
							"port": "8080",
							"path": [
								"tasks",
								"done"
							]
						}
					},
					"response": []
				},
				{
					"name": "Deleted tasks",
					"request": {
						"method": "GET",
						"header": [],
						"url": {
							"raw": "http://localhost:8080/tasks/deleted",
							"protocol": "http",
							"host": [
								"localhost"
							],
							"port": "8080",
							"path": [
								"tasks",
								"deleted"
							]
						}
					},
					"response": []
				},
				{
					"name": "Task by ID",
					"request": {
						"method": "GET",
						"header": [],
						"url": {
							"raw": "http://localhost:8080/tasks/2",
							"protocol": "http",
							"host": [
								"localhost"
							],
							"port": "8080",
							"path": [
								"tasks",
								"2"
							]
						}
					},
					"response": []
				},
				{
					"name": "New Task",
					"request": {
						"method": "POST",
						"header": [],
						"body": {
							"mode": "raw",
							"raw": "\r\n        {\r\n            \"title\": \"bye2\",\r\n            \"description\": \"bye bye bye222\",\r\n            \"task_priority_id\": 1,\r\n            \"user_id\": 1\r\n        }",
							"options": {
								"raw": {
									"language": "json"
								}
							}
						},
						"url": {
							"raw": "http://localhost:8080/tasks",
							"protocol": "http",
							"host": [
								"localhost"
							],
							"port": "8080",
							"path": [
								"tasks"
							]
						}
					},
					"response": []
				},
				{
					"name": "Update task",
					"request": {
						"method": "PUT",
						"header": [],
						"body": {
							"mode": "raw",
							"raw": "  {\r\n            \"title\": \"bye22222\",\r\n            \"description\": \"bye bye bye\",\r\n            \"task_priority_id\": 4,\r\n            \"user_id\": 1\r\n        }",
							"options": {
								"raw": {
									"language": "json"
								}
							}
						},
						"url": {
							"raw": "http://localhost:8080/tasks/2",
							"protocol": "http",
							"host": [
								"localhost"
							],
							"port": "8080",
							"path": [
								"tasks",
								"2"
							]
						}
					},
					"response": []
				},
				{
					"name": "Done task",
					"request": {
						"method": "PATCH",
						"header": [],
						"url": {
							"raw": "http://localhost:8080/tasks/2/",
							"protocol": "http",
							"host": [
								"localhost"
							],
							"port": "8080",
							"path": [
								"tasks",
								"2",
								""
							]
						}
					},
					"response": []
				},
				{
					"name": "Delete task",
					"request": {
						"method": "PATCH",
						"header": [],
						"url": {
							"raw": "http://localhost:8080/tasks/3/delete",
							"protocol": "http",
							"host": [
								"localhost"
							],
							"port": "8080",
							"path": [
								"tasks",
								"3",
								"delete"
							]
						}
					},
					"response": []
				},
				{
					"name": "Undone task",
					"request": {
						"method": "PATCH",
						"header": [],
						"url": {
							"raw": "http://localhost:8080/tasks/2/undone",
							"protocol": "http",
							"host": [
								"localhost"
							],
							"port": "8080",
							"path": [
								"tasks",
								"2",
								"undone"
							]
						}
					},
					"response": []
				},
				{
					"name": "Return task",
					"request": {
						"method": "PATCH",
						"header": [],
						"url": {
							"raw": "http://localhost:8080/tasks/2/return",
							"protocol": "http",
							"host": [
								"localhost"
							],
							"port": "8080",
							"path": [
								"tasks",
								"2",
								"return"
							]
						}
					},
					"response": []
				}
			]
		},
		{
			"name": "Auth",
			"item": [
				{
					"name": "Sign Up",
					"request": {
						"auth": {
							"type": "bearer"
						},
						"method": "POST",
						"header": [],
						"body": {
							"mode": "raw",
							"raw": "{\r\n        \"username\": \"Vasya007\",\r\n        \"password\": \"nagibator777\",\r\n        \"full_name\": \"Vasili Kozlov\",\r\n        \"email\": \"nagibator007@mail.com\"\r\n    }",
							"options": {
								"raw": {
									"language": "json"
								}
							}
						},
						"url": {
							"raw": "http://localhost:8080/auth/sign-up",
							"protocol": "http",
							"host": [
								"localhost"
							],
							"port": "8080",
							"path": [
								"auth",
								"sign-up"
							]
						}
					},
					"response": []
				},
				{
					"name": "Sign In",
					"request": {
						"auth": {
							"type": "bearer"
						},
						"method": "POST",
						"header": [],
						"body": {
							"mode": "raw",
							"raw": "",
							"options": {
								"raw": {
									"language": "json"
								}
							}
						},
						"url": {
							"raw": "http://localhost:8080/auth/sign-in",
							"protocol": "http",
							"host": [
								"localhost"
							],
							"port": "8080",
							"path": [
								"auth",
								"sign-in"
							]
						}
					},
					"response": []
				}
			]
		}
	]
}